id_pago,id_alumno,mes_pagado,fecha_pago,monto,estatus
1,A0001,2025-03,,550,atrasado
2,A0001,2025-04,2025-04-02,550,pagado
3,A0001,2025-05,,550,atrasado
4,A0001,2025-06,2025-06-05,550,pagado
5,A0002,2024-04,2024-04-08,550,pagado
6,A0002,2024-05,,550,atrasado
7,A0003,2025-02,2025-02-10,550,pagado
8,A0003,2025-03,2025-03-09,550,pagado
9,A0003,2025-04,2025-04-02,550,pagado
10,A0003,2025-05,2025-05-03,550,pagado
11,A0003,2025-06,2025-06-07,550,pagado
12,A0003,2025-07,2025-07-11,550,pagado
13,A0003,2025-08,2025-08-09,550,pagado
14,A0004,2024-07,2024-07-07,550,pagado
15,A0004,2024-08,2024-08-03,550,pagado
16,A0004,2024-09,2024-09-11,550,pagado
17,A0004,2024-10,2024-10-03,550,pagado
18,A0004,2024-11,2024-11-03,550,pagado
19,A0004,2024-12,2024-12-05,550,pagado
20,A0004,2025-01,,550,atrasado
21,A0004,2025-02,2025-02-06,550,pagado
22,A0004,2025-03,2025-03-04,550,pagado
23,A0004,2025-04,2025-04-07,550,pagado
24,A0004,2025-05,2025-05-03,550,pagado
25,A0004,2025-06,2025-06-06,550,pagado
26,A0004,2025-07,2025-07-09,550,pagado
27,A0004,2025-08,2025-08-07,550,pagado
28,A0005,2025-02,2025-02-04,550,pagado
29,A0005,2025-03,2025-03-02,550,pagado
30,A0005,2025-04,2025-04-07,550,pagado
31,A0005,2025-05,2025-05-02,550,pagado
32,A0005,2025-06,2025-06-02,550,pagado
33,A0005,2025-07,2025-07-02,550,pagado
34,A0005,2025-08,2025-08-01,550,pagado
35,A0006,2025-07,,550,atrasado
36,A0006,2025-08,2025-08-08,550,pagado
37,A0007,2024-04,2024-04-01,550,pagado
38,A0007,2024-05,2024-05-07,550,pagado
39,A0007,2024-06,2024-06-03,550,pagado
40,A0007,2024-07,2024-07-09,550,pagado
41,A0007,2024-08,2024-08-11,550,pagado
42,A0007,2024-09,2024-09-02,550,pagado
43,A0007,2024-10,2024-10-10,550,pagado
44,A0007,2024-11,,550,atrasado
45,A0007,2024-12,2024-12-01,550,pagado
46,A0007,2025-01,2025-01-09,550,pagado
47,A0008,2024-04,2024-04-04,550,pagado
48,A0008,2024-05,2024-05-11,550,pagado
49,A0008,2024-06,2024-06-09,550,pagado
50,A0008,2024-07,2024-07-01,550,pagado
51,A0008,2024-08,2024-08-03,550,pagado
52,A0008,2024-09,2024-09-09,550,pagado
53,A0008,2024-10,2024-10-03,550,pagado
54,A0008,2024-11,,550,atrasado
55,A0008,2024-12,2024-12-09,550,pagado
56,A0008,2025-01,2025-01-01,550,pagado
57,A0008,2025-02,2025-02-07,550,pagado
58,A0008,2025-03,,550,atrasado
59,A0009,2024-04,2024-04-06,550,pagado
60,A0009,2024-05,2024-05-04,550,pagado
61,A0009,2024-06,2024-06-02,550,pagado
62,A0010,2025-05,2025-05-08,550,pagado
63,A0010,2025-06,2025-06-04,550,pagado
64,A0010,2025-07,,550,atrasado
65,A0010,2025-08,2025-08-07,550,pagado
66,A0011,2025-02,,550,atrasado
67,A0011,2025-03,,550,pendiente
68,A0011,2025-04,2025-04-11,550,pagado
69,A0011,2025-05,2025-05-01,550,pagado
70,A0011,2025-06,2025-06-10,550,pagado
71,A0011,2025-07,2025-07-01,550,pagado
72,A0011,2025-08,2025-08-10,550,pagado
73,A0012,2024-11,2024-11-05,550,pagado
74,A0012,2024-12,2024-12-01,550,pagado
75,A0012,2025-01,2025-01-03,550,pagado
76,A0012,2025-02,2025-02-01,550,pagado
77,A0012,2025-03,,550,atrasado
78,A0012,2025-04,2025-04-02,550,pagado
79,A0012,2025-05,2025-05-03,550,pagado
80,A0012,2025-06,2025-06-08,550,pagado
81,A0012,2025-07,,550,atrasado
82,A0012,2025-08,2025-08-05,550,pagado
83,A0013,2024-07,2024-07-07,550,pagado
84,A0013,2024-08,2024-08-06,550,pagado
85,A0013,2024-09,2024-09-03,550,pagado
86,A0013,2024-10,2024-10-05,550,pagado
87,A0013,2024-11,,550,atrasado
88,A0013,2024-12,2024-12-08,550,pagado
89,A0013,2025-01,2025-01-06,550,pagado
90,A0013,2025-02,2025-02-01,550,pagado
91,A0013,2025-03,2025-03-04,550,pagado
92,A0013,2025-04,,550,atrasado
93,A0013,2025-05,2025-05-03,550,pagado
94,A0013,2025-06,2025-06-06,550,pagado
95,A0013,2025-07,2025-07-03,550,pagado
96,A0013,2025-08,2025-08-08,550,pagado
97,A0014,2024-06,2024-06-05,550,pagado
98,A0014,2024-07,,550,atrasado
99,A0014,2024-08,2024-08-08,550,pagado
100,A0014,2024-09,2024-09-03,550,pagado
101,A0014,2024-10,2024-10-07,550,pagado
102,A0014,2024-11,2024-11-07,550,pagado
103,A0014,2024-12,,550,pendiente
104,A0014,2025-01,2025-01-01,550,pagado
105,A0014,2025-02,,550,pendiente
106,A0014,2025-03,2025-03-01,550,pagado
107,A0014,2025-04,2025-04-04,550,pagado
108,A0014,2025-05,,550,atrasado
109,A0014,2025-06,2025-06-07,550,pagado
110,A0014,2025-07,2025-07-01,550,pagado
111,A0014,2025-08,2025-08-05,550,pagado
112,A0015,2024-06,2024-06-02,550,pagado
113,A0015,2024-07,2024-07-04,550,pagado
114,A0015,2024-08,2024-08-09,550,pagado
115,A0015,2024-09,2024-09-05,550,pagado
116,A0015,2024-10,2024-10-05,550,pagado
117,A0015,2024-11,2024-11-04,550,pagado
118,A0015,2024-12,2024-12-07,550,pagado
119,A0015,2025-01,2025-01-02,550,pagado
120,A0015,2025-02,2025-02-09,550,pagado
121,A0015,2025-03,2025-03-04,550,pagado
122,A0015,2025-04,2025-04-10,550,pagado
123,A0015,2025-05,2025-05-03,550,pagado
124,A0015,2025-06,2025-06-03,550,pagado
125,A0015,2025-07,2025-07-05,550,pagado
126,A0015,2025-08,2025-08-03,550,pagado
127,A0016,2024-07,2024-07-10,550,pagado
128,A0016,2024-08,,550,atrasado
129,A0016,2024-09,2024-09-07,550,pagado
130,A0016,2024-10,2024-10-05,550,pagado
131,A0016,2024-11,2024-11-04,550,pagado
132,A0016,2024-12,,550,atrasado
133,A0016,2025-01,2025-01-01,550,pagado
134,A0016,2025-02,2025-02-11,550,pagado
135,A0016,2025-03,,550,atrasado
136,A0016,2025-04,,550,atrasado
137,A0016,2025-05,2025-05-06,550,pagado
138,A0017,2024-09,2024-09-04,550,pagado
139,A0017,2024-10,2024-10-01,550,pagado
140,A0017,2024-11,2024-11-01,550,pagado
141,A0017,2024-12,,550,atrasado
142,A0017,2025-01,2025-01-04,550,pagado
143,A0017,2025-02,2025-02-05,550,pagado
144,A0017,2025-03,2025-03-02,550,pagado
145,A0017,2025-04,2025-04-05,550,pagado
146,A0017,2025-05,2025-05-06,550,pagado
147,A0017,2025-06,2025-06-02,550,pagado
148,A0017,2025-07,,550,atrasado
149,A0017,2025-08,,550,atrasado
150,A0018,2024-07,2024-07-03,550,pagado
151,A0018,2024-08,2024-08-06,550,pagado
152,A0018,2024-09,2024-09-10,550,pagado
153,A0018,2024-10,2024-10-06,550,pagado
154,A0018,2024-11,,550,atrasado
155,A0018,2024-12,,550,atrasado
156,A0018,2025-01,2025-01-02,550,pagado
157,A0018,2025-02,2025-02-03,550,pagado
158,A0018,2025-03,2025-03-10,550,pagado
159,A0018,2025-04,,550,atrasado
160,A0019,2025-06,2025-06-11,550,pagado
161,A0019,2025-07,2025-07-04,550,pagado
162,A0019,2025-08,2025-08-02,550,pagado
163,A0020,2024-11,,550,atrasado
164,A0020,2024-12,2024-12-06,550,pagado
165,A0020,2025-01,2025-01-08,550,pagado
166,A0020,2025-02,2025-02-04,550,pagado
167,A0020,2025-03,2025-03-03,550,pagado
168,A0020,2025-04,,550,atrasado
169,A0020,2025-05,2025-05-09,550,pagado
170,A0020,2025-06,2025-06-09,550,pagado
171,A0020,2025-07,2025-07-06,550,pagado
172,A0020,2025-08,2025-08-02,550,pagado
173,A0021,2024-05,2024-05-02,550,pagado
174,A0021,2024-06,2024-06-09,550,pagado
175,A0021,2024-07,2024-07-09,550,pagado
176,A0021,2024-08,2024-08-03,550,pagado
177,A0021,2024-09,2024-09-03,550,pagado
178,A0021,2024-10,2024-10-10,550,pagado
179,A0021,2024-11,,550,atrasado
180,A0021,2024-12,2024-12-04,550,pagado
181,A0021,2025-01,2025-01-07,550,pagado
182,A0021,2025-02,2025-02-09,550,pagado
183,A0021,2025-03,2025-03-02,550,pagado
184,A0021,2025-04,2025-04-09,550,pagado
185,A0021,2025-05,2025-05-07,550,pagado
186,A0021,2025-06,2025-06-05,550,pagado
187,A0021,2025-07,2025-07-01,550,pagado
188,A0021,2025-08,2025-08-04,550,pagado
189,A0022,2024-12,2024-12-01,550,pagado
190,A0022,2025-01,2025-01-09,550,pagado
191,A0023,2025-03,2025-03-09,550,pagado
192,A0023,2025-04,2025-04-04,550,pagado
193,A0023,2025-05,2025-05-05,550,pagado
194,A0023,2025-06,2025-06-03,550,pagado
195,A0023,2025-07,2025-07-09,550,pagado
196,A0023,2025-08,2025-08-01,550,pagado
197,A0024,2024-07,2024-07-05,550,pagado
198,A0024,2024-08,2024-08-05,550,pagado
199,A0024,2024-09,2024-09-01,550,pagado
200,A0024,2024-10,2024-10-04,550,pagado
201,A0024,2024-11,2024-11-04,550,pagado
202,A0024,2024-12,2024-12-01,550,pagado
203,A0024,2025-01,2025-01-11,550,pagado
204,A0024,2025-02,2025-02-06,550,pagado
205,A0024,2025-03,2025-03-09,550,pagado
206,A0024,2025-04,2025-04-03,550,pagado
207,A0024,2025-05,2025-05-10,550,pagado
208,A0024,2025-06,2025-06-01,550,pagado
209,A0024,2025-07,2025-07-01,550,pagado
210,A0024,2025-08,2025-08-04,550,pagado
211,A0025,2025-05,2025-05-05,550,pagado
212,A0025,2025-06,2025-06-01,550,pagado
213,A0025,2025-07,2025-07-10,550,pagado
214,A0025,2025-08,,550,atrasado
215,A0026,2024-11,2024-11-07,550,pagado
216,A0026,2024-12,2024-12-05,550,pagado
217,A0026,2025-01,2025-01-11,550,pagado
218,A0026,2025-02,2025-02-04,550,pagado
219,A0026,2025-03,2025-03-04,550,pagado
220,A0026,2025-04,2025-04-04,550,pagado
221,A0026,2025-05,2025-05-07,550,pagado
222,A0026,2025-06,2025-06-04,550,pagado
223,A0026,2025-07,2025-07-07,550,pagado
224,A0026,2025-08,2025-08-08,550,pagado
225,A0027,2025-05,,550,atrasado
226,A0027,2025-06,2025-06-03,550,pagado
227,A0027,2025-07,2025-07-03,550,pagado
228,A0027,2025-08,2025-08-08,550,pagado
229,A0028,2024-09,2024-09-03,550,pagado
230,A0028,2024-10,2024-10-01,550,pagado
231,A0028,2024-11,2024-11-03,550,pagado
232,A0028,2024-12,2024-12-11,550,pagado
233,A0028,2025-01,2025-01-02,550,pagado
234,A0028,2025-02,,550,pendiente
235,A0028,2025-03,2025-03-08,550,pagado
236,A0028,2025-04,2025-04-07,550,pagado
237,A0028,2025-05,,550,atrasado
238,A0028,2025-06,2025-06-01,550,pagado
239,A0028,2025-07,2025-07-07,550,pagado
240,A0028,2025-08,2025-08-02,550,pagado
241,A0029,2025-06,2025-06-11,550,pagado
242,A0030,2025-06,2025-06-03,550,pagado
243,A0030,2025-07,,550,atrasado
244,A0031,2025-02,,550,atrasado
245,A0031,2025-03,,550,pendiente
246,A0031,2025-04,2025-04-01,550,pagado
247,A0031,2025-05,2025-05-01,550,pagado
248,A0031,2025-06,2025-06-02,550,pagado
249,A0031,2025-07,2025-07-06,550,pagado
250,A0031,2025-08,2025-08-02,550,pagado
251,A0032,2024-11,2024-11-08,550,pagado
252,A0032,2024-12,2024-12-08,550,pagado
253,A0032,2025-01,2025-01-05,550,pagado
254,A0032,2025-02,2025-02-03,550,pagado
255,A0032,2025-03,2025-03-09,550,pagado
256,A0032,2025-04,2025-04-11,550,pagado
257,A0032,2025-05,2025-05-01,550,pagado
258,A0032,2025-06,2025-06-02,550,pagado
259,A0032,2025-07,2025-07-02,550,pagado
260,A0032,2025-08,2025-08-07,550,pagado
261,A0033,2025-06,,550,pendiente
262,A0033,2025-07,2025-07-01,550,pagado
263,A0033,2025-08,2025-08-07,550,pagado
264,A0034,2025-03,,550,pendiente
265,A0034,2025-04,2025-04-04,550,pagado
266,A0034,2025-05,2025-05-11,550,pagado
267,A0034,2025-06,2025-06-02,550,pagado
268,A0034,2025-07,2025-07-02,550,pagado
269,A0034,2025-08,2025-08-05,550,pagado
270,A0035,2024-09,2024-09-10,550,pagado
271,A0035,2024-10,2024-10-06,550,pagado
272,A0035,2024-11,2024-11-02,550,pagado
273,A0035,2024-12,2024-12-10,550,pagado
274,A0035,2025-01,2025-01-07,550,pagado
275,A0035,2025-02,2025-02-10,550,pagado
276,A0035,2025-03,2025-03-07,550,pagado
277,A0035,2025-04,2025-04-11,550,pagado
278,A0035,2025-05,2025-05-10,550,pagado
279,A0035,2025-06,2025-06-06,550,pagado
280,A0035,2025-07,2025-07-05,550,pagado
281,A0035,2025-08,2025-08-11,550,pagado
282,A0036,2024-07,2024-07-05,550,pagado
283,A0036,2024-08,2024-08-02,550,pagado
284,A0036,2024-09,2024-09-03,550,pagado
285,A0036,2024-10,2024-10-03,550,pagado
286,A0036,2024-11,,550,pendiente
287,A0036,2024-12,2024-12-08,550,pagado
288,A0036,2025-01,2025-01-02,550,pagado
289,A0037,2024-03,2024-03-05,550,pagado
290,A0037,2024-04,,550,atrasado
291,A0037,2024-05,,550,pendiente
292,A0037,2024-06,,550,atrasado
293,A0037,2024-07,2024-07-06,550,pagado
294,A0037,2024-08,,550,pendiente
295,A0037,2024-09,2024-09-07,550,pagado
296,A0037,2024-10,2024-10-11,550,pagado
297,A0037,2024-11,2024-11-11,550,pagado
298,A0037,2024-12,2024-12-07,550,pagado
299,A0037,2025-01,2025-01-08,550,pagado
300,A0037,2025-02,2025-02-08,550,pagado
301,A0037,2025-03,2025-03-04,550,pagado
302,A0037,2025-04,2025-04-10,550,pagado
303,A0037,2025-05,2025-05-09,550,pagado
304,A0037,2025-06,2025-06-04,550,pagado
305,A0038,2024-07,2024-07-04,550,pagado
306,A0038,2024-08,2024-08-04,550,pagado
307,A0038,2024-09,2024-09-01,550,pagado
308,A0038,2024-10,2024-10-08,550,pagado
309,A0038,2024-11,2024-11-02,550,pagado
310,A0038,2024-12,,550,atrasado
311,A0038,2025-01,2025-01-03,550,pagado
312,A0038,2025-02,2025-02-03,550,pagado
313,A0038,2025-03,2025-03-09,550,pagado
314,A0038,2025-04,2025-04-07,550,pagado
315,A0038,2025-05,2025-05-04,550,pagado
316,A0038,2025-06,,550,atrasado
317,A0038,2025-07,,550,pendiente
318,A0038,2025-08,2025-08-03,550,pagado
319,A0039,2025-03,2025-03-01,550,pagado
320,A0039,2025-04,2025-04-07,550,pagado
321,A0039,2025-05,2025-05-02,550,pagado
322,A0039,2025-06,2025-06-02,550,pagado
323,A0039,2025-07,2025-07-10,550,pagado
324,A0039,2025-08,2025-08-01,550,pagado
325,A0040,2024-07,,550,pendiente
326,A0040,2024-08,,550,pendiente
327,A0040,2024-09,2024-09-01,550,pagado
328,A0040,2024-10,2024-10-07,550,pagado
329,A0040,2024-11,,550,pendiente
330,A0040,2024-12,2024-12-03,550,pagado
331,A0040,2025-01,2025-01-05,550,pagado
332,A0040,2025-02,2025-02-06,550,pagado
333,A0040,2025-03,2025-03-11,550,pagado
334,A0040,2025-04,2025-04-05,550,pagado
335,A0040,2025-05,,550,atrasado
336,A0040,2025-06,,550,atrasado
337,A0040,2025-07,2025-07-10,550,pagado
338,A0040,2025-08,2025-08-09,550,pagado
339,A0041,2024-04,,550,atrasado
340,A0041,2024-05,2024-05-07,550,pagado
341,A0041,2024-06,2024-06-08,550,pagado
342,A0041,2024-07,2024-07-05,550,pagado
343,A0041,2024-08,2024-08-09,550,pagado
344,A0041,2024-09,,550,pendiente
345,A0041,2024-10,,550,atrasado
346,A0041,2024-11,2024-11-05,550,pagado
347,A0041,2024-12,2024-12-09,550,pagado
348,A0042,2024-03,2024-03-03,550,pagado
349,A0042,2024-04,2024-04-07,550,pagado
350,A0042,2024-05,2024-05-04,550,pagado
351,A0042,2024-06,2024-06-09,550,pagado
352,A0042,2024-07,2024-07-02,550,pagado
353,A0042,2024-08,2024-08-08,550,pagado
354,A0042,2024-09,2024-09-11,550,pagado
355,A0042,2024-10,2024-10-07,550,pagado
356,A0042,2024-11,2024-11-06,550,pagado
357,A0042,2024-12,2024-12-04,550,pagado
358,A0042,2025-01,2025-01-02,550,pagado
359,A0042,2025-02,,550,atrasado
360,A0042,2025-03,2025-03-06,550,pagado
361,A0042,2025-04,,550,atrasado
362,A0042,2025-05,2025-05-09,550,pagado
363,A0042,2025-06,,550,atrasado
364,A0042,2025-07,2025-07-01,550,pagado
365,A0042,2025-08,2025-08-05,550,pagado
366,A0043,2024-04,2024-04-04,550,pagado
367,A0043,2024-05,2024-05-01,550,pagado
368,A0043,2024-06,2024-06-02,550,pagado
369,A0043,2024-07,2024-07-10,550,pagado
370,A0043,2024-08,,550,atrasado
371,A0043,2024-09,2024-09-08,550,pagado
372,A0043,2024-10,,550,atrasado
373,A0043,2024-11,2024-11-05,550,pagado
374,A0043,2024-12,,550,atrasado
375,A0043,2025-01,2025-01-05,550,pagado
376,A0043,2025-02,2025-02-09,550,pagado
377,A0043,2025-03,2025-03-07,550,pagado
378,A0043,2025-04,2025-04-03,550,pagado
379,A0043,2025-05,2025-05-02,550,pagado
380,A0043,2025-06,2025-06-09,550,pagado
381,A0043,2025-07,,550,atrasado
382,A0043,2025-08,2025-08-03,550,pagado
383,A0044,2024-07,,550,atrasado
384,A0044,2024-08,2024-08-08,550,pagado
385,A0044,2024-09,2024-09-01,550,pagado
386,A0045,2024-07,2024-07-03,550,pagado
387,A0045,2024-08,2024-08-02,550,pagado
388,A0045,2024-09,2024-09-02,550,pagado
389,A0045,2024-10,2024-10-04,550,pagado
390,A0045,2024-11,2024-11-11,550,pagado
391,A0045,2024-12,2024-12-03,550,pagado
392,A0045,2025-01,2025-01-09,550,pagado
393,A0045,2025-02,2025-02-10,550,pagado
394,A0045,2025-03,2025-03-06,550,pagado
395,A0045,2025-04,2025-04-03,550,pagado
396,A0045,2025-05,2025-05-06,550,pagado
397,A0045,2025-06,2025-06-07,550,pagado
398,A0045,2025-07,,550,atrasado
399,A0045,2025-08,2025-08-11,550,pagado
400,A0046,2024-04,2024-04-04,550,pagado
401,A0046,2024-05,2024-05-10,550,pagado
402,A0046,2024-06,,550,atrasado
403,A0046,2024-07,,550,atrasado
404,A0046,2024-08,2024-08-08,550,pagado
405,A0046,2024-09,,550,atrasado
406,A0046,2024-10,,550,atrasado
407,A0046,2024-11,2024-11-05,550,pagado
408,A0046,2024-12,2024-12-02,550,pagado
409,A0046,2025-01,2025-01-08,550,pagado
410,A0046,2025-02,,550,pendiente
411,A0046,2025-03,2025-03-03,550,pagado
412,A0046,2025-04,,550,atrasado
413,A0046,2025-05,2025-05-06,550,pagado
414,A0046,2025-06,,550,atrasado
415,A0046,2025-07,,550,atrasado
416,A0047,2024-05,2024-05-05,550,pagado
417,A0047,2024-06,2024-06-05,550,pagado
418,A0047,2024-07,2024-07-08,550,pagado
419,A0047,2024-08,2024-08-03,550,pagado
420,A0047,2024-09,2024-09-10,550,pagado
421,A0047,2024-10,2024-10-06,550,pagado
422,A0047,2024-11,2024-11-07,550,pagado
423,A0047,2024-12,2024-12-10,550,pagado
424,A0047,2025-01,2025-01-03,550,pagado
425,A0047,2025-02,2025-02-09,550,pagado
426,A0047,2025-03,2025-03-06,550,pagado
427,A0047,2025-04,2025-04-11,550,pagado
428,A0047,2025-05,2025-05-08,550,pagado
429,A0047,2025-06,2025-06-11,550,pagado
430,A0047,2025-07,,550,atrasado
431,A0047,2025-08,2025-08-01,550,pagado
432,A0048,2025-06,2025-06-04,550,pagado
433,A0049,2025-04,2025-04-09,550,pagado
434,A0049,2025-05,,550,atrasado
435,A0049,2025-06,2025-06-05,550,pagado
436,A0049,2025-07,2025-07-10,550,pagado
437,A0049,2025-08,2025-08-02,550,pagado
438,A0050,2024-06,2024-06-08,550,pagado
439,A0050,2024-07,2024-07-06,550,pagado
440,A0050,2024-08,2024-08-11,550,pagado
441,A0050,2024-09,2024-09-08,550,pagado
442,A0050,2024-10,,550,atrasado
443,A0050,2024-11,2024-11-02,550,pagado
444,A0050,2024-12,2024-12-07,550,pagado
445,A0050,2025-01,2025-01-04,550,pagado
446,A0050,2025-02,2025-02-02,550,pagado
447,A0050,2025-03,2025-03-10,550,pagado
448,A0050,2025-04,2025-04-08,550,pagado
449,A0050,2025-05,,550,atrasado
450,A0050,2025-06,2025-06-09,550,pagado
451,A0050,2025-07,2025-07-08,550,pagado
452,A0050,2025-08,,550,pendiente
453,A0051,2025-03,2025-03-10,550,pagado
454,A0051,2025-04,,550,atrasado
455,A0051,2025-05,2025-05-07,550,pagado
456,A0051,2025-06,,550,atrasado
457,A0051,2025-07,2025-07-07,550,pagado
458,A0051,2025-08,2025-08-04,550,pagado
459,A0052,2024-03,,550,atrasado
460,A0052,2024-04,2024-04-11,550,pagado
461,A0052,2024-05,2024-05-05,550,pagado
462,A0052,2024-06,2024-06-02,550,pagado
463,A0052,2024-07,,550,pendiente
464,A0052,2024-08,2024-08-02,550,pagado
465,A0052,2024-09,2024-09-08,550,pagado
466,A0052,2024-10,2024-10-09,550,pagado
467,A0052,2024-11,2024-11-05,550,pagado
468,A0052,2024-12,2024-12-01,550,pagado
469,A0052,2025-01,,550,atrasado
470,A0052,2025-02,2025-02-06,550,pagado
471,A0052,2025-03,2025-03-05,550,pagado
472,A0052,2025-04,2025-04-06,550,pagado
473,A0052,2025-05,2025-05-08,550,pagado
474,A0052,2025-06,2025-06-03,550,pagado
475,A0052,2025-07,2025-07-07,550,pagado
476,A0052,2025-08,2025-08-10,550,pagado
477,A0053,2024-05,2024-05-01,550,pagado
478,A0053,2024-06,2024-06-10,550,pagado
479,A0053,2024-07,,550,atrasado
480,A0053,2024-08,2024-08-10,550,pagado
481,A0053,2024-09,2024-09-06,550,pagado
482,A0053,2024-10,2024-10-06,550,pagado
483,A0053,2024-11,,550,atrasado
484,A0053,2024-12,2024-12-03,550,pagado
485,A0053,2025-01,2025-01-06,550,pagado
486,A0053,2025-02,,550,atrasado
487,A0053,2025-03,2025-03-07,550,pagado
488,A0053,2025-04,,550,atrasado
489,A0053,2025-05,2025-05-08,550,pagado
490,A0053,2025-06,2025-06-03,550,pagado
491,A0053,2025-07,2025-07-11,550,pagado
492,A0053,2025-08,2025-08-02,550,pagado
493,A0054,2025-02,,550,atrasado
494,A0054,2025-03,2025-03-04,550,pagado
495,A0054,2025-04,2025-04-09,550,pagado
496,A0054,2025-05,2025-05-10,550,pagado
497,A0054,2025-06,2025-06-06,550,pagado
498,A0054,2025-07,2025-07-04,550,pagado
499,A0054,2025-08,2025-08-10,550,pagado
500,A0055,2024-07,2024-07-06,550,pagado
501,A0055,2024-08,2024-08-01,550,pagado
502,A0055,2024-09,2024-09-05,550,pagado
503,A0055,2024-10,2024-10-02,550,pagado
504,A0055,2024-11,2024-11-11,550,pagado
505,A0055,2024-12,2024-12-07,550,pagado
506,A0055,2025-01,2025-01-06,550,pagado
507,A0055,2025-02,2025-02-07,550,pagado
508,A0055,2025-03,2025-03-06,550,pagado
509,A0055,2025-04,,550,atrasado
510,A0055,2025-05,2025-05-07,550,pagado
511,A0055,2025-06,2025-06-09,550,pagado
512,A0055,2025-07,2025-07-09,550,pagado
513,A0055,2025-08,2025-08-05,550,pagado
514,A0056,2024-10,2024-10-11,550,pagado
515,A0056,2024-11,2024-11-05,550,pagado
516,A0056,2024-12,2024-12-02,550,pagado
517,A0056,2025-01,2025-01-02,550,pagado
518,A0056,2025-02,,550,atrasado
519,A0056,2025-03,,550,atrasado
520,A0056,2025-04,2025-04-02,550,pagado
521,A0056,2025-05,2025-05-10,550,pagado
522,A0056,2025-06,2025-06-02,550,pagado
523,A0056,2025-07,2025-07-09,550,pagado
524,A0056,2025-08,2025-08-01,550,pagado
525,A0057,2025-06,2025-06-07,550,pagado
526,A0057,2025-07,2025-07-08,550,pagado
527,A0057,2025-08,2025-08-02,550,pagado
528,A0058,2024-07,2024-07-08,550,pagado
529,A0058,2024-08,2024-08-06,550,pagado
530,A0058,2024-09,2024-09-08,550,pagado
531,A0058,2024-10,2024-10-11,550,pagado
532,A0058,2024-11,2024-11-07,550,pagado
533,A0058,2024-12,,550,atrasado
534,A0058,2025-01,2025-01-04,550,pagado
535,A0058,2025-02,2025-02-05,550,pagado
536,A0058,2025-03,2025-03-05,550,pagado
537,A0058,2025-04,2025-04-07,550,pagado
538,A0058,2025-05,2025-05-01,550,pagado
539,A0058,2025-06,2025-06-07,550,pagado
540,A0058,2025-07,,550,atrasado
541,A0058,2025-08,,550,atrasado
542,A0059,2024-08,2024-08-09,550,pagado
543,A0059,2024-09,2024-09-10,550,pagado
544,A0059,2024-10,2024-10-03,550,pagado
545,A0059,2024-11,2024-11-07,550,pagado
546,A0059,2024-12,2024-12-07,550,pagado
547,A0059,2025-01,2025-01-11,550,pagado
548,A0059,2025-02,2025-02-01,550,pagado
549,A0059,2025-03,2025-03-10,550,pagado
550,A0059,2025-04,2025-04-11,550,pagado
551,A0059,2025-05,2025-05-03,550,pagado
552,A0059,2025-06,2025-06-06,550,pagado
553,A0059,2025-07,2025-07-07,550,pagado
554,A0059,2025-08,2025-08-03,550,pagado
555,A0060,2024-03,2024-03-11,550,pagado
556,A0060,2024-04,2024-04-07,550,pagado
557,A0060,2024-05,2024-05-11,550,pagado
558,A0060,2024-06,2024-06-09,550,pagado
559,A0060,2024-07,2024-07-06,550,pagado
560,A0060,2024-08,2024-08-02,550,pagado
561,A0060,2024-09,,550,atrasado
562,A0060,2024-10,,550,atrasado
563,A0060,2024-11,2024-11-03,550,pagado
564,A0060,2024-12,,550,atrasado
565,A0060,2025-01,2025-01-02,550,pagado
566,A0060,2025-02,2025-02-01,550,pagado
567,A0060,2025-03,2025-03-03,550,pagado
568,A0060,2025-04,2025-04-11,550,pagado
569,A0060,2025-05,2025-05-06,550,pagado
570,A0060,2025-06,2025-06-11,550,pagado
571,A0060,2025-07,2025-07-05,550,pagado
572,A0060,2025-08,2025-08-04,550,pagado
573,A0061,2024-04,2024-04-07,550,pagado
574,A0061,2024-05,2024-05-11,550,pagado
575,A0061,2024-06,,550,atrasado
576,A0061,2024-07,,550,atrasado
577,A0061,2024-08,,550,pendiente
578,A0061,2024-09,,550,atrasado
579,A0061,2024-10,2024-10-02,550,pagado
580,A0061,2024-11,,550,atrasado
581,A0061,2024-12,2024-12-02,550,pagado
582,A0061,2025-01,,550,atrasado
583,A0061,2025-02,2025-02-03,550,pagado
584,A0061,2025-03,,550,atrasado
585,A0061,2025-04,2025-04-06,550,pagado
586,A0061,2025-05,2025-05-04,550,pagado
587,A0061,2025-06,2025-06-08,550,pagado
588,A0061,2025-07,2025-07-07,550,pagado
589,A0061,2025-08,,550,atrasado
590,A0062,2025-06,2025-06-02,550,pagado
591,A0062,2025-07,2025-07-07,550,pagado
592,A0062,2025-08,2025-08-06,550,pagado
593,A0063,2024-09,2024-09-08,550,pagado
594,A0063,2024-10,2024-10-03,550,pagado
595,A0063,2024-11,,550,atrasado
596,A0063,2024-12,2024-12-11,550,pagado
597,A0063,2025-01,2025-01-10,550,pagado
598,A0063,2025-02,2025-02-02,550,pagado
599,A0063,2025-03,2025-03-06,550,pagado
600,A0063,2025-04,2025-04-10,550,pagado
601,A0063,2025-05,2025-05-01,550,pagado
602,A0063,2025-06,,550,atrasado
603,A0064,2024-11,2024-11-02,550,pagado
604,A0064,2024-12,,550,atrasado
605,A0064,2025-01,,550,atrasado
606,A0064,2025-02,,550,atrasado
607,A0065,2024-07,2024-07-03,550,pagado
608,A0065,2024-08,,550,atrasado
609,A0065,2024-09,2024-09-04,550,pagado
610,A0065,2024-10,,550,atrasado
611,A0065,2024-11,,550,atrasado
612,A0065,2024-12,,550,atrasado
613,A0065,2025-01,2025-01-03,550,pagado
614,A0066,2025-05,,550,atrasado
615,A0066,2025-06,2025-06-02,550,pagado
616,A0067,2024-03,2024-03-09,550,pagado
617,A0067,2024-04,2024-04-08,550,pagado
618,A0067,2024-05,2024-05-08,550,pagado
619,A0067,2024-06,2024-06-07,550,pagado
620,A0067,2024-07,2024-07-05,550,pagado
621,A0067,2024-08,,550,atrasado
622,A0067,2024-09,2024-09-05,550,pagado
623,A0067,2024-10,2024-10-02,550,pagado
624,A0067,2024-11,2024-11-10,550,pagado
625,A0067,2024-12,,550,pendiente
626,A0067,2025-01,2025-01-08,550,pagado
627,A0067,2025-02,2025-02-08,550,pagado
628,A0068,2024-12,2024-12-05,550,pagado
629,A0068,2025-01,2025-01-10,550,pagado
630,A0068,2025-02,,550,atrasado
631,A0068,2025-03,2025-03-04,550,pagado
632,A0068,2025-04,2025-04-06,550,pagado
633,A0068,2025-05,2025-05-02,550,pagado
634,A0068,2025-06,2025-06-01,550,pagado
635,A0068,2025-07,2025-07-05,550,pagado
636,A0068,2025-08,2025-08-05,550,pagado
637,A0069,2024-04,2024-04-11,550,pagado
638,A0069,2024-05,2024-05-09,550,pagado
639,A0069,2024-06,2024-06-01,550,pagado
640,A0069,2024-07,,550,atrasado
641,A0069,2024-08,2024-08-07,550,pagado
642,A0069,2024-09,2024-09-06,550,pagado
643,A0069,2024-10,2024-10-04,550,pagado
644,A0069,2024-11,2024-11-06,550,pagado
645,A0069,2024-12,,550,pendiente
646,A0069,2025-01,2025-01-01,550,pagado
647,A0069,2025-02,2025-02-01,550,pagado
648,A0069,2025-03,2025-03-04,550,pagado
649,A0069,2025-04,2025-04-06,550,pagado
650,A0069,2025-05,2025-05-09,550,pagado
651,A0069,2025-06,,550,atrasado
652,A0069,2025-07,2025-07-04,550,pagado
653,A0069,2025-08,2025-08-02,550,pagado
654,A0070,2024-12,2024-12-10,550,pagado
655,A0070,2025-01,2025-01-11,550,pagado
656,A0071,2025-06,,550,atrasado
657,A0071,2025-07,2025-07-07,550,pagado
658,A0072,2025-05,2025-05-07,550,pagado
659,A0072,2025-06,2025-06-06,550,pagado
660,A0072,2025-07,2025-07-01,550,pagado
661,A0072,2025-08,2025-08-08,550,pagado
662,A0073,2024-05,,550,atrasado
663,A0073,2024-06,2024-06-02,550,pagado
664,A0073,2024-07,,550,pendiente
665,A0073,2024-08,2024-08-06,550,pagado
666,A0073,2024-09,2024-09-04,550,pagado
667,A0073,2024-10,2024-10-05,550,pagado
668,A0073,2024-11,,550,atrasado
669,A0073,2024-12,2024-12-10,550,pagado
670,A0073,2025-01,2025-01-08,550,pagado
671,A0073,2025-02,2025-02-07,550,pagado
672,A0073,2025-03,,550,atrasado
673,A0073,2025-04,2025-04-09,550,pagado
674,A0073,2025-05,,550,atrasado
675,A0073,2025-06,2025-06-02,550,pagado
676,A0073,2025-07,2025-07-07,550,pagado
677,A0073,2025-08,2025-08-05,550,pagado
678,A0074,2025-07,2025-07-06,550,pagado
679,A0074,2025-08,2025-08-09,550,pagado
680,A0075,2024-03,2024-03-08,550,pagado
681,A0075,2024-04,2024-04-07,550,pagado
682,A0075,2024-05,,550,atrasado
683,A0075,2024-06,2024-06-08,550,pagado
684,A0075,2024-07,2024-07-02,550,pagado
685,A0075,2024-08,2024-08-10,550,pagado
686,A0075,2024-09,,550,atrasado
687,A0075,2024-10,,550,atrasado
688,A0075,2024-11,2024-11-03,550,pagado
689,A0075,2024-12,,550,atrasado
690,A0075,2025-01,,550,pendiente
691,A0075,2025-02,2025-02-07,550,pagado
692,A0075,2025-03,,550,atrasado
693,A0075,2025-04,,550,atrasado
694,A0075,2025-05,2025-05-06,550,pagado
695,A0076,2025-04,2025-04-09,550,pagado
696,A0076,2025-05,2025-05-01,550,pagado
697,A0076,2025-06,2025-06-01,550,pagado
698,A0076,2025-07,,550,atrasado
699,A0076,2025-08,2025-08-02,550,pagado
700,A0077,2024-04,2024-04-10,550,pagado
701,A0077,2024-05,2024-05-07,550,pagado
702,A0077,2024-06,2024-06-03,550,pagado
703,A0077,2024-07,2024-07-10,550,pagado
704,A0077,2024-08,2024-08-03,550,pagado
705,A0077,2024-09,2024-09-03,550,pagado
706,A0077,2024-10,2024-10-07,550,pagado
707,A0077,2024-11,2024-11-11,550,pagado
708,A0077,2024-12,,550,pendiente
709,A0077,2025-01,2025-01-10,550,pagado
710,A0077,2025-02,2025-02-08,550,pagado
711,A0077,2025-03,2025-03-06,550,pagado
712,A0077,2025-04,2025-04-08,550,pagado
713,A0077,2025-05,2025-05-05,550,pagado
714,A0077,2025-06,2025-06-02,550,pagado
715,A0077,2025-07,2025-07-04,550,pagado
716,A0077,2025-08,2025-08-04,550,pagado
717,A0078,2024-06,2024-06-02,550,pagado
718,A0078,2024-07,2024-07-01,550,pagado
719,A0078,2024-08,,550,atrasado
720,A0078,2024-09,2024-09-08,550,pagado
721,A0078,2024-10,2024-10-04,550,pagado
722,A0078,2024-11,2024-11-06,550,pagado
723,A0078,2024-12,,550,atrasado
724,A0078,2025-01,2025-01-09,550,pagado
725,A0079,2024-06,2024-06-06,550,pagado
726,A0079,2024-07,2024-07-05,550,pagado
727,A0079,2024-08,2024-08-11,550,pagado
728,A0079,2024-09,,550,atrasado
729,A0079,2024-10,2024-10-03,550,pagado
730,A0079,2024-11,,550,atrasado
731,A0079,2024-12,2024-12-08,550,pagado
732,A0079,2025-01,2025-01-09,550,pagado
733,A0079,2025-02,,550,atrasado
734,A0079,2025-03,2025-03-02,550,pagado
735,A0079,2025-04,,550,atrasado
736,A0079,2025-05,,550,atrasado
737,A0079,2025-06,,550,pendiente
738,A0080,2025-02,2025-02-11,550,pagado
739,A0080,2025-03,,550,atrasado
740,A0080,2025-04,2025-04-02,550,pagado
741,A0080,2025-05,2025-05-04,550,pagado
742,A0080,2025-06,,550,atrasado
743,A0080,2025-07,2025-07-05,550,pagado
744,A0080,2025-08,,550,atrasado
745,A0081,2024-04,2024-04-08,550,pagado
746,A0081,2024-05,2024-05-02,550,pagado
747,A0081,2024-06,2024-06-02,550,pagado
748,A0081,2024-07,2024-07-04,550,pagado
749,A0081,2024-08,2024-08-09,550,pagado
750,A0081,2024-09,2024-09-06,550,pagado
751,A0081,2024-10,,550,atrasado
752,A0081,2024-11,2024-11-02,550,pagado
753,A0081,2024-12,,550,atrasado
754,A0081,2025-01,2025-01-07,550,pagado
755,A0081,2025-02,2025-02-04,550,pagado
756,A0081,2025-03,2025-03-10,550,pagado
757,A0081,2025-04,2025-04-10,550,pagado
758,A0081,2025-05,2025-05-07,550,pagado
759,A0081,2025-06,,550,atrasado
760,A0081,2025-07,,550,atrasado
761,A0081,2025-08,2025-08-02,550,pagado
762,A0082,2025-07,2025-07-01,550,pagado
763,A0082,2025-08,2025-08-10,550,pagado
764,A0083,2024-10,2024-10-02,550,pagado
765,A0083,2024-11,2024-11-05,550,pagado
766,A0083,2024-12,2024-12-10,550,pagado
767,A0083,2025-01,2025-01-07,550,pagado
768,A0083,2025-02,2025-02-02,550,pagado
769,A0083,2025-03,2025-03-05,550,pagado
770,A0083,2025-04,2025-04-03,550,pagado
771,A0083,2025-05,2025-05-06,550,pagado
772,A0083,2025-06,2025-06-10,550,pagado
773,A0083,2025-07,2025-07-01,550,pagado
774,A0083,2025-08,,550,atrasado
775,A0084,2025-01,2025-01-10,550,pagado
776,A0084,2025-02,2025-02-05,550,pagado
777,A0084,2025-03,2025-03-04,550,pagado
778,A0084,2025-04,2025-04-11,550,pagado
779,A0084,2025-05,,550,atrasado
780,A0084,2025-06,2025-06-08,550,pagado
781,A0084,2025-07,,550,pendiente
782,A0084,2025-08,,550,atrasado
783,A0085,2024-06,2024-06-06,550,pagado
784,A0086,2025-02,,550,atrasado
785,A0086,2025-03,2025-03-02,550,pagado
786,A0086,2025-04,2025-04-01,550,pagado
787,A0086,2025-05,2025-05-08,550,pagado
788,A0086,2025-06,2025-06-08,550,pagado
789,A0086,2025-07,2025-07-08,550,pagado
790,A0086,2025-08,,550,atrasado
791,A0087,2024-06,2024-06-10,550,pagado
792,A0087,2024-07,2024-07-05,550,pagado
793,A0087,2024-08,2024-08-09,550,pagado
794,A0087,2024-09,2024-09-03,550,pagado
795,A0087,2024-10,2024-10-02,550,pagado
796,A0087,2024-11,2024-11-06,550,pagado
797,A0087,2024-12,2024-12-06,550,pagado
798,A0087,2025-01,2025-01-05,550,pagado
799,A0087,2025-02,2025-02-05,550,pagado
800,A0087,2025-03,2025-03-01,550,pagado
801,A0087,2025-04,2025-04-05,550,pagado
802,A0087,2025-05,2025-05-09,550,pagado
803,A0087,2025-06,2025-06-10,550,pagado
804,A0087,2025-07,2025-07-05,550,pagado
805,A0087,2025-08,2025-08-11,550,pagado
806,A0088,2025-06,,550,atrasado
807,A0088,2025-07,2025-07-04,550,pagado
808,A0088,2025-08,2025-08-03,550,pagado
809,A0089,2024-09,2024-09-01,550,pagado
810,A0089,2024-10,2024-10-07,550,pagado
811,A0089,2024-11,2024-11-02,550,pagado
812,A0089,2024-12,2024-12-07,550,pagado
813,A0089,2025-01,2025-01-05,550,pagado
814,A0089,2025-02,2025-02-11,550,pagado
815,A0089,2025-03,2025-03-08,550,pagado
816,A0089,2025-04,2025-04-09,550,pagado
817,A0089,2025-05,2025-05-11,550,pagado
818,A0089,2025-06,2025-06-06,550,pagado
819,A0089,2025-07,2025-07-07,550,pagado
820,A0089,2025-08,2025-08-05,550,pagado
821,A0090,2024-10,2024-10-01,550,pagado
822,A0090,2024-11,2024-11-06,550,pagado
823,A0090,2024-12,2024-12-02,550,pagado
824,A0090,2025-01,2025-01-08,550,pagado
825,A0090,2025-02,2025-02-06,550,pagado
826,A0090,2025-03,2025-03-01,550,pagado
827,A0090,2025-04,2025-04-11,550,pagado
828,A0090,2025-05,,550,pendiente
829,A0090,2025-06,2025-06-09,550,pagado
830,A0090,2025-07,2025-07-10,550,pagado
831,A0090,2025-08,2025-08-03,550,pagado
832,A0091,2025-06,,550,pendiente
833,A0091,2025-07,,550,atrasado
834,A0092,2024-07,2024-07-01,550,pagado
835,A0092,2024-08,2024-08-04,550,pagado
836,A0092,2024-09,2024-09-10,550,pagado
837,A0092,2024-10,,550,pendiente
838,A0092,2024-11,2024-11-01,550,pagado
839,A0092,2024-12,2024-12-11,550,pagado
840,A0092,2025-01,2025-01-01,550,pagado
841,A0092,2025-02,2025-02-06,550,pagado
842,A0092,2025-03,2025-03-09,550,pagado
843,A0092,2025-04,2025-04-09,550,pagado
844,A0092,2025-05,2025-05-02,550,pagado
845,A0092,2025-06,2025-06-03,550,pagado
846,A0092,2025-07,2025-07-04,550,pagado
847,A0092,2025-08,2025-08-02,550,pagado
848,A0093,2025-01,2025-01-01,550,pagado
849,A0093,2025-02,2025-02-06,550,pagado
850,A0093,2025-03,2025-03-11,550,pagado
851,A0093,2025-04,2025-04-07,550,pagado
852,A0093,2025-05,2025-05-02,550,pagado
853,A0093,2025-06,2025-06-05,550,pagado
854,A0093,2025-07,2025-07-03,550,pagado
855,A0093,2025-08,2025-08-11,550,pagado
856,A0094,2024-06,2024-06-10,550,pagado
857,A0094,2024-07,,550,pendiente
858,A0094,2024-08,2024-08-05,550,pagado
859,A0094,2024-09,,550,pendiente
860,A0094,2024-10,2024-10-05,550,pagado
861,A0094,2024-11,2024-11-05,550,pagado
862,A0094,2024-12,2024-12-11,550,pagado
863,A0094,2025-01,2025-01-03,550,pagado
864,A0094,2025-02,2025-02-07,550,pagado
865,A0094,2025-03,,550,atrasado
866,A0094,2025-04,2025-04-06,550,pagado
867,A0094,2025-05,2025-05-11,550,pagado
868,A0094,2025-06,2025-06-08,550,pagado
869,A0094,2025-07,2025-07-08,550,pagado
870,A0094,2025-08,2025-08-07,550,pagado
871,A0095,2024-05,2024-05-09,550,pagado
872,A0095,2024-06,,550,atrasado
873,A0095,2024-07,2024-07-02,550,pagado
874,A0095,2024-08,2024-08-10,550,pagado
875,A0095,2024-09,2024-09-04,550,pagado
876,A0095,2024-10,2024-10-06,550,pagado
877,A0095,2024-11,,550,pendiente
878,A0095,2024-12,2024-12-10,550,pagado
879,A0095,2025-01,2025-01-01,550,pagado
880,A0095,2025-02,2025-02-07,550,pagado
881,A0095,2025-03,,550,pendiente
882,A0095,2025-04,2025-04-08,550,pagado
883,A0095,2025-05,2025-05-09,550,pagado
884,A0095,2025-06,2025-06-01,550,pagado
885,A0095,2025-07,,550,atrasado
886,A0095,2025-08,2025-08-11,550,pagado
887,A0096,2025-01,,550,atrasado
888,A0096,2025-02,2025-02-05,550,pagado
889,A0096,2025-03,2025-03-06,550,pagado
890,A0096,2025-04,2025-04-02,550,pagado
891,A0096,2025-05,2025-05-11,550,pagado
892,A0096,2025-06,2025-06-01,550,pagado
893,A0096,2025-07,2025-07-09,550,pagado
894,A0096,2025-08,,550,pendiente
895,A0097,2025-02,2025-02-08,550,pagado
896,A0097,2025-03,,550,atrasado
897,A0097,2025-04,2025-04-11,550,pagado
898,A0098,2025-01,2025-01-05,550,pagado
899,A0098,2025-02,2025-02-01,550,pagado
900,A0098,2025-03,2025-03-10,550,pagado
901,A0098,2025-04,2025-04-02,550,pagado
902,A0098,2025-05,,550,atrasado
903,A0098,2025-06,2025-06-02,550,pagado
904,A0098,2025-07,2025-07-04,550,pagado
905,A0098,2025-08,2025-08-08,550,pagado
906,A0099,2025-05,,550,atrasado
907,A0099,2025-06,2025-06-07,550,pagado
908,A0099,2025-07,,550,atrasado
909,A0099,2025-08,,550,pendiente
910,A0100,2024-09,2024-09-03,550,pagado
911,A0100,2024-10,2024-10-09,550,pagado
912,A0100,2024-11,2024-11-10,550,pagado
913,A0100,2024-12,2024-12-11,550,pagado
914,A0100,2025-01,2025-01-07,550,pagado
915,A0100,2025-02,,550,pendiente
916,A0100,2025-03,,550,atrasado
917,A0100,2025-04,,550,pendiente
918,A0100,2025-05,2025-05-04,550,pagado
919,A0100,2025-06,2025-06-09,550,pagado
920,A0100,2025-07,2025-07-08,550,pagado
921,A0100,2025-08,2025-08-11,550,pagado
922,A0101,2025-02,,550,atrasado
923,A0101,2025-03,2025-03-06,550,pagado
924,A0102,2024-11,2024-11-07,550,pagado
925,A0102,2024-12,2024-12-02,550,pagado
926,A0102,2025-01,2025-01-07,550,pagado
927,A0102,2025-02,,550,pendiente
928,A0102,2025-03,2025-03-02,550,pagado
929,A0102,2025-04,2025-04-01,550,pagado
930,A0102,2025-05,2025-05-01,550,pagado
931,A0102,2025-06,2025-06-11,550,pagado
932,A0102,2025-07,2025-07-01,550,pagado
933,A0102,2025-08,2025-08-06,550,pagado
934,A0103,2024-10,2024-10-08,550,pagado
935,A0103,2024-11,2024-11-08,550,pagado
936,A0103,2024-12,,550,atrasado
937,A0103,2025-01,2025-01-06,550,pagado
938,A0103,2025-02,2025-02-09,550,pagado
939,A0103,2025-03,,550,atrasado
940,A0103,2025-04,2025-04-09,550,pagado
941,A0103,2025-05,2025-05-02,550,pagado
942,A0103,2025-06,,550,atrasado
943,A0103,2025-07,,550,atrasado
944,A0103,2025-08,2025-08-10,550,pagado
945,A0104,2025-01,2025-01-03,550,pagado
946,A0104,2025-02,2025-02-11,550,pagado
947,A0104,2025-03,2025-03-07,550,pagado
948,A0104,2025-04,,550,atrasado
949,A0104,2025-05,2025-05-08,550,pagado
950,A0104,2025-06,2025-06-08,550,pagado
951,A0104,2025-07,2025-07-03,550,pagado
952,A0104,2025-08,2025-08-09,550,pagado
953,A0105,2025-04,2025-04-09,550,pagado
954,A0105,2025-05,2025-05-06,550,pagado
955,A0105,2025-06,2025-06-10,550,pagado
956,A0105,2025-07,2025-07-10,550,pagado
957,A0105,2025-08,2025-08-02,550,pagado
958,A0106,2025-03,,550,atrasado
959,A0106,2025-04,2025-04-03,550,pagado
960,A0106,2025-05,2025-05-11,550,pagado
961,A0106,2025-06,,550,atrasado
962,A0106,2025-07,2025-07-08,550,pagado
963,A0106,2025-08,2025-08-04,550,pagado
964,A0107,2025-05,2025-05-04,550,pagado
965,A0107,2025-06,,550,atrasado
966,A0107,2025-07,2025-07-07,550,pagado
967,A0107,2025-08,2025-08-07,550,pagado
968,A0108,2024-11,2024-11-01,550,pagado
969,A0108,2024-12,2024-12-02,550,pagado
970,A0108,2025-01,,550,atrasado
971,A0108,2025-02,2025-02-08,550,pagado
972,A0108,2025-03,2025-03-10,550,pagado
973,A0108,2025-04,2025-04-01,550,pagado
974,A0108,2025-05,2025-05-06,550,pagado
975,A0108,2025-06,,550,atrasado
976,A0108,2025-07,2025-07-03,550,pagado
977,A0108,2025-08,2025-08-10,550,pagado
978,A0109,2025-03,2025-03-04,550,pagado
979,A0109,2025-04,,550,atrasado
980,A0109,2025-05,2025-05-05,550,pagado
981,A0109,2025-06,,550,atrasado
982,A0110,2025-02,2025-02-07,550,pagado
983,A0110,2025-03,2025-03-04,550,pagado
984,A0110,2025-04,,550,atrasado
985,A0110,2025-05,,550,atrasado
986,A0110,2025-06,2025-06-02,550,pagado
987,A0111,2024-06,2024-06-03,550,pagado
988,A0111,2024-07,2024-07-06,550,pagado
989,A0111,2024-08,2024-08-10,550,pagado
990,A0111,2024-09,2024-09-02,550,pagado
991,A0111,2024-10,2024-10-11,550,pagado
992,A0111,2024-11,2024-11-11,550,pagado
993,A0111,2024-12,2024-12-04,550,pagado
994,A0111,2025-01,2025-01-10,550,pagado
995,A0111,2025-02,2025-02-09,550,pagado
996,A0111,2025-03,2025-03-10,550,pagado
997,A0111,2025-04,2025-04-03,550,pagado
998,A0111,2025-05,2025-05-08,550,pagado
999,A0111,2025-06,2025-06-07,550,pagado
1000,A0111,2025-07,2025-07-10,550,pagado
1001,A0111,2025-08,,550,atrasado
1002,A0112,2025-06,2025-06-05,550,pagado
1003,A0112,2025-07,,550,atrasado
1004,A0112,2025-08,2025-08-01,550,pagado
1005,A0113,2024-09,2024-09-06,550,pagado
1006,A0113,2024-10,,550,atrasado
1007,A0113,2024-11,2024-11-05,550,pagado
1008,A0113,2024-12,2024-12-05,550,pagado
1009,A0113,2025-01,2025-01-06,550,pagado
1010,A0113,2025-02,,550,atrasado
1011,A0113,2025-03,2025-03-05,550,pagado
1012,A0113,2025-04,,550,atrasado
1013,A0113,2025-05,2025-05-09,550,pagado
1014,A0113,2025-06,2025-06-09,550,pagado
1015,A0113,2025-07,2025-07-10,550,pagado
1016,A0113,2025-08,,550,atrasado
1017,A0114,2025-03,2025-03-02,550,pagado
1018,A0114,2025-04,2025-04-05,550,pagado
1019,A0114,2025-05,2025-05-01,550,pagado
1020,A0114,2025-06,2025-06-05,550,pagado
1021,A0114,2025-07,2025-07-01,550,pagado
1022,A0114,2025-08,,550,pendiente
1023,A0115,2024-12,2024-12-06,550,pagado
1024,A0115,2025-01,2025-01-11,550,pagado
1025,A0115,2025-02,2025-02-01,550,pagado
1026,A0115,2025-03,2025-03-02,550,pagado
1027,A0115,2025-04,2025-04-10,550,pagado
1028,A0115,2025-05,2025-05-01,550,pagado
1029,A0115,2025-06,2025-06-02,550,pagado
1030,A0115,2025-07,2025-07-10,550,pagado
1031,A0115,2025-08,2025-08-02,550,pagado
1032,A0116,2025-06,2025-06-08,550,pagado
1033,A0116,2025-07,2025-07-05,550,pagado
1034,A0116,2025-08,2025-08-02,550,pagado
1035,A0117,2024-11,,550,atrasado
1036,A0117,2024-12,2024-12-11,550,pagado
1037,A0117,2025-01,2025-01-08,550,pagado
1038,A0118,2024-11,,550,pendiente
1039,A0118,2024-12,2024-12-04,550,pagado
1040,A0118,2025-01,,550,atrasado
1041,A0118,2025-02,,550,atrasado
1042,A0118,2025-03,2025-03-04,550,pagado
1043,A0118,2025-04,2025-04-07,550,pagado
1044,A0118,2025-05,2025-05-01,550,pagado
1045,A0118,2025-06,2025-06-01,550,pagado
1046,A0119,2024-03,2024-03-07,550,pagado
1047,A0119,2024-04,2024-04-07,550,pagado
1048,A0119,2024-05,2024-05-09,550,pagado
1049,A0119,2024-06,,550,pendiente
1050,A0119,2024-07,2024-07-10,550,pagado
1051,A0119,2024-08,2024-08-06,550,pagado
1052,A0119,2024-09,2024-09-06,550,pagado
1053,A0119,2024-10,2024-10-01,550,pagado
1054,A0119,2024-11,2024-11-02,550,pagado
1055,A0119,2024-12,2024-12-04,550,pagado
1056,A0119,2025-01,2025-01-09,550,pagado
1057,A0119,2025-02,2025-02-01,550,pagado
1058,A0119,2025-03,2025-03-04,550,pagado
1059,A0119,2025-04,2025-04-02,550,pagado
1060,A0119,2025-05,,550,atrasado
1061,A0119,2025-06,2025-06-05,550,pagado
1062,A0119,2025-07,,550,atrasado
1063,A0119,2025-08,2025-08-11,550,pagado
1064,A0120,2024-08,2024-08-05,550,pagado
1065,A0120,2024-09,,550,atrasado
1066,A0120,2024-10,2024-10-11,550,pagado
1067,A0120,2024-11,,550,atrasado
1068,A0120,2024-12,,550,atrasado
1069,A0120,2025-01,,550,atrasado
1070,A0121,2024-10,2024-10-08,550,pagado
1071,A0121,2024-11,2024-11-06,550,pagado
1072,A0121,2024-12,2024-12-04,550,pagado
1073,A0121,2025-01,2025-01-05,550,pagado
1074,A0121,2025-02,2025-02-09,550,pagado
1075,A0121,2025-03,,550,atrasado
1076,A0121,2025-04,2025-04-09,550,pagado
1077,A0121,2025-05,2025-05-06,550,pagado
1078,A0122,2024-03,2024-03-09,550,pagado
1079,A0122,2024-04,,550,atrasado
1080,A0122,2024-05,2024-05-07,550,pagado
1081,A0122,2024-06,2024-06-10,550,pagado
1082,A0122,2024-07,2024-07-02,550,pagado
1083,A0122,2024-08,2024-08-03,550,pagado
1084,A0122,2024-09,2024-09-09,550,pagado
1085,A0122,2024-10,2024-10-09,550,pagado
1086,A0122,2024-11,2024-11-06,550,pagado
1087,A0122,2024-12,2024-12-03,550,pagado
1088,A0122,2025-01,,550,atrasado
1089,A0122,2025-02,2025-02-08,550,pagado
1090,A0122,2025-03,2025-03-08,550,pagado
1091,A0122,2025-04,2025-04-01,550,pagado
1092,A0122,2025-05,2025-05-01,550,pagado
1093,A0122,2025-06,2025-06-10,550,pagado
1094,A0122,2025-07,2025-07-02,550,pagado
1095,A0122,2025-08,,550,atrasado
1096,A0123,2025-05,2025-05-07,550,pagado
1097,A0123,2025-06,2025-06-07,550,pagado
1098,A0124,2024-05,2024-05-01,550,pagado
1099,A0124,2024-06,2024-06-07,550,pagado
1100,A0124,2024-07,2024-07-07,550,pagado
1101,A0124,2024-08,2024-08-11,550,pagado
1102,A0124,2024-09,2024-09-09,550,pagado
1103,A0124,2024-10,2024-10-01,550,pagado
1104,A0124,2024-11,2024-11-06,550,pagado
1105,A0124,2024-12,2024-12-05,550,pagado
1106,A0124,2025-01,2025-01-10,550,pagado
1107,A0124,2025-02,2025-02-01,550,pagado
1108,A0124,2025-03,2025-03-10,550,pagado
1109,A0124,2025-04,2025-04-07,550,pagado
1110,A0124,2025-05,2025-05-01,550,pagado
1111,A0124,2025-06,2025-06-09,550,pagado
1112,A0124,2025-07,2025-07-11,550,pagado
1113,A0124,2025-08,2025-08-09,550,pagado
1114,A0125,2024-04,2024-04-10,550,pagado
1115,A0125,2024-05,2024-05-09,550,pagado
1116,A0125,2024-06,2024-06-07,550,pagado
1117,A0125,2024-07,2024-07-04,550,pagado
1118,A0125,2024-08,,550,pendiente
1119,A0125,2024-09,,550,atrasado
1120,A0125,2024-10,2024-10-05,550,pagado
1121,A0125,2024-11,,550,atrasado
1122,A0125,2024-12,2024-12-09,550,pagado
1123,A0125,2025-01,2025-01-10,550,pagado
1124,A0125,2025-02,2025-02-10,550,pagado
1125,A0125,2025-03,2025-03-05,550,pagado
1126,A0125,2025-04,2025-04-11,550,pagado
1127,A0125,2025-05,2025-05-10,550,pagado
1128,A0125,2025-06,,550,atrasado
1129,A0125,2025-07,2025-07-11,550,pagado
1130,A0125,2025-08,2025-08-05,550,pagado
1131,A0126,2024-04,2024-04-08,550,pagado
1132,A0126,2024-05,2024-05-08,550,pagado
1133,A0126,2024-06,,550,atrasado
1134,A0126,2024-07,,550,atrasado
1135,A0126,2024-08,2024-08-11,550,pagado
1136,A0126,2024-09,2024-09-04,550,pagado
1137,A0126,2024-10,2024-10-10,550,pagado
1138,A0126,2024-11,2024-11-05,550,pagado
1139,A0126,2024-12,2024-12-09,550,pagado
1140,A0126,2025-01,2025-01-02,550,pagado
1141,A0126,2025-02,2025-02-05,550,pagado
1142,A0126,2025-03,2025-03-05,550,pagado
1143,A0126,2025-04,2025-04-08,550,pagado
1144,A0126,2025-05,,550,pendiente
1145,A0126,2025-06,2025-06-03,550,pagado
1146,A0126,2025-07,2025-07-11,550,pagado
1147,A0126,2025-08,,550,atrasado
1148,A0127,2025-02,,550,atrasado
1149,A0127,2025-03,,550,atrasado
1150,A0127,2025-04,2025-04-08,550,pagado
1151,A0127,2025-05,2025-05-01,550,pagado
1152,A0127,2025-06,2025-06-04,550,pagado
1153,A0127,2025-07,,550,atrasado
1154,A0127,2025-08,2025-08-05,550,pagado
1155,A0128,2024-06,2024-06-01,550,pagado
1156,A0128,2024-07,2024-07-06,550,pagado
1157,A0128,2024-08,2024-08-01,550,pagado
1158,A0128,2024-09,2024-09-06,550,pagado
1159,A0128,2024-10,,550,atrasado
1160,A0128,2024-11,2024-11-02,550,pagado
1161,A0128,2024-12,2024-12-04,550,pagado
1162,A0128,2025-01,,550,atrasado
1163,A0128,2025-02,2025-02-11,550,pagado
1164,A0128,2025-03,2025-03-11,550,pagado
1165,A0128,2025-04,2025-04-05,550,pagado
1166,A0128,2025-05,,550,atrasado
1167,A0129,2025-05,2025-05-06,550,pagado
1168,A0129,2025-06,2025-06-07,550,pagado
1169,A0129,2025-07,2025-07-06,550,pagado
1170,A0129,2025-08,2025-08-05,550,pagado
1171,A0130,2025-04,2025-04-03,550,pagado
1172,A0130,2025-05,2025-05-05,550,pagado
1173,A0130,2025-06,2025-06-10,550,pagado
1174,A0130,2025-07,,550,atrasado
